title,link,source,price,rating,reviews,delivery,extensions
Formula 1: The Official History,https://www.amazon.in/Formula-Official-History-Maurice-Hamilton/dp/1787394964%3Fsource%3Dps-sl-shoppingads-lpcontext%26ref_%3Dfplfs%26psc%3D1%26smid%3DA1WYWER0W24N8S&rct=j&q=&esrc=s&sa=U&ved=0ahUKEwjTsYGDlaeAAxU-jJUCHbRGC5YQguUECP4H&usg=AOvVaw2u4iQ4uuJiFfYeihka-b17,Amazon.in,"₹1,565.00",5.0,5053.0,Free delivery,
Formula 1: The Official History: fully revised and updated,http://www.flipkart.com/formula-1-official-history/p/itm8af3e4dc89cce%3Fpid%3D9781802792225%26lid%3DLSTBOK9781802792225CAAGDU%26marketplace%3DFLIPKART%26cmpid%3Dcontent_book_8965229628_gmc&rct=j&q=&esrc=s&sa=U&ved=0ahUKEwjTsYGDlaeAAxU-jJUCHbRGC5YQguUECIwI&usg=AOvVaw2NiNDqyXpzLbhc2NiBWZlS,Flipkart,"₹2,499.00",4.8,4856.0,Free delivery,
'Formula 1 Racer' Personalized Wall Art (Framed) A/2 / Natural,https://mykidswall.in/products/formula-1-racer-personalized-wall-art-framed%3Fvariant%3D43415856873621%26currency%3DINR%26utm_medium%3Dproduct_sync%26utm_source%3Dgoogle%26utm_content%3Dsag_organic%26utm_campaign%3Dsag_organic%26srsltid%3DASuE1wQI4pesfiywmcUe1csnFNhQuv1YQdhAM5LlZkwvw70beadS-FYvkd4&rct=j&q=&esrc=s&sa=U&ved=0ahUKEwjTsYGDlaeAAxU-jJUCHbRGC5YQgOUECJkI&usg=AOvVaw0aKbSSbaDvrSqOWdWbe7vm,My Kid's Wall,"₹3,299.00",,,Free delivery,
This is Formula 1 Art poster A3 ( 12 X 18 inches ) / GLASS FRAME,https://www.frameo.store/products/this-is-formula-1%3Fvariant%3D43370753458368%26currency%3DINR%26utm_medium%3Dproduct_sync%26utm_source%3Dgoogle%26utm_content%3Dsag_organic%26utm_campaign%3Dsag_organic%26srsltid%3DASuE1wScN2f7kb8L3NAK3r3hi3JhRlBvCZsY2DebHC7GKoUOeg0S6WMl9gM&rct=j&q=&esrc=s&sa=U&ved=0ahUKEwjTsYGDlaeAAxU-jJUCHbRGC5YQgOUECKUI&usg=AOvVaw1vqoP5Fcl96putnp_0cyLz,Frameo store,₹849.00,,,Free delivery by 2 Aug and free 10-day returns,
"Herrlich Homes Formula 1 / F1 Metal Silhouette Wall Art, Metal Wall Art, Metal ...",https://www.amazon.in/Herrlich-Homes-Formula-Silhouette-Lovers/dp/B0BNZ72VW5%3Fsource%3Dps-sl-shoppingads-lpcontext%26ref_%3Dfplfs%26psc%3D1%26smid%3DAZ87R0YIBBP2C&rct=j&q=&esrc=s&sa=U&ved=0ahUKEwjTsYGDlaeAAxU-jJUCHbRGC5YQgOUECLEI&usg=AOvVaw0KPNwG7nYzOEDTi9yZwj7a,Amazon.in,"₹1,499.00",,,Free delivery,
Formula One: AMG Petronas Lewis Hamilton Pop! Vinyl,https://stockx.com/funko-pop-racing-mercedes-amg-petronas-formula-1-team-lewis-hamilton-figure-01%3Fcountry%3DDE%26currencyCode%3DEUR%26srsltid%3DASuE1wRC9OEZ2t-nDokCJwDmWN_VPbLbq1IreGdf2NOSBgUDRm1qd6qAhNA&rct=j&q=&esrc=s&sa=U&ved=0ahUKEwjTsYGDlaeAAxU-jJUCHbRGC5YQguUECL4I&usg=AOvVaw3KdLQyNmdimokoaKl_fXN6,StockX,"₹3,357.43",4.7,47530.0,"₹2,722.24 delivery",
F1 2022/23 Collection - Mini Series Matte White / Etched onto each piece,https://worldracecircuits.com/products/f1-2022-collection-acrylic%3Fvariant%3D39761450893446%26currency%3DGBP%26utm_medium%3Dproduct_sync%26utm_source%3Dgoogle%26utm_content%3Dsag_organic%26utm_campaign%3Dsag_organic%26srsltid%3DASuE1wT5qRcOztuRKFpQYd0KwgGRxlQNCr3nkXMQbBMCIfZOg_cvPjWk9Ac&rct=j&q=&esrc=s&sa=U&ved=0ahUKEwjTsYGDlaeAAxU-jJUCHbRGC5YQgOUECM8I&usg=AOvVaw0fg5_SkaCEeBpNwxCrI8Rr,World Race Circuits,"₹4,726.94",,,+Delivery,15% OFF
Australian GP Poster - Formula 1 Art A3 ( 12 X 18 inches ) / SPARKLE ARTBOARD,https://www.frameo.store/products/australian-gp-poster-formula1-art%3Fvariant%3D43562972446912%26currency%3DINR%26utm_medium%3Dproduct_sync%26utm_source%3Dgoogle%26utm_content%3Dsag_organic%26utm_campaign%3Dsag_organic%26srsltid%3DASuE1wRxv1z60cloZzTLmr7taCnamXCdqLMEfeI1R3MM0_TsULgNr3XAkFk&rct=j&q=&esrc=s&sa=U&ved=0ahUKEwjTsYGDlaeAAxU-jJUCHbRGC5YQgOUECNwI&usg=AOvVaw0EdrrNt-umjA0UEMtZibm7,Frameo store,₹799.00,,,Free delivery by 2 Aug and free 10-day returns,
Petronas Formula 1 Hoodie,https://sharkshirts.in/apparel/petronas-formula-1-hoodie-2/%3Fattribute_pa_colour%3Dblack%26srsltid%3DASuE1wQlnEJKI1xcn4Or8NHlpUDvl0RKB6FNxVDMMFxt8c4zEqfTtygRjKg&rct=j&q=&esrc=s&sa=U&ved=0ahUKEwjTsYGDlaeAAxU-jJUCHbRGC5YQguUECOgI&usg=AOvVaw3xVVh230jtD127ZBOBtVOb,Shark Shirts,"₹1,499.00",,,+Delivery,
POSTERNEST Formula 1 F1 Racing Cars5 Poster Matte Finish Paper Print Unframed 12 ...,https://www.amazon.in/POSTERNEST-Formula-Racing-Unframed-Multicolor/dp/B0C5W98D6Z%3Fsource%3Dps-sl-shoppingads-lpcontext%26ref_%3Dfplfs%26psc%3D1%26smid%3DA31HBXBW3LM64J&rct=j&q=&esrc=s&sa=U&ved=0ahUKEwjTsYGDlaeAAxU-jJUCHbRGC5YQgOUECPQI&usg=AOvVaw0YMuMwvvnjyumgVKhkEdss,Amazon.in,₹249.00,,,Free delivery,
2023 F1 Formula 1 Large Logo Baseball Cap (White),https://hatstore.co.in/large-logo-baseball-cap-white-red-adjustable-formula-one%3Futm_source%3Dgoogle%26utm_medium%3Dsurfaces%26srsltid%3DASuE1wR9dYBSHwqRsvnajTZN7wA41oJyAPtA-DbhxCymswjBn08fH5UTIwA&rct=j&q=&esrc=s&sa=U&ved=0ahUKEwjTsYGDlaeAAxU-jJUCHbRGC5YQguUECIEJ&usg=AOvVaw0sAF34602T04Y1L17syOGe,Hatstore.co.in,"₹2,500.00",5.0,5055.0,₹790.00 delivery,
F1 2022 (Formula 1 2022) PC Steam (Global),https://www.steamgamingstore.com/product-page/f1-2022-formula-1-2022%3Fsrsltid%3DASuE1wQlTaCOghEx12hNXY3aHbkJwqk14L8WNpEvK-vOTukK_29OecY1Vg0&rct=j&q=&esrc=s&sa=U&ved=0ahUKEwjTsYGDlaeAAxU-jJUCHbRGC5YQgOUECI4J&usg=AOvVaw2Ya5UYRwtMPBpH7QGnfFMr,SteamGamingStore,₹490.57 + tax,,,Free delivery,
F1 2022,https://gamenation.in/Products/Games/F1-2022%3FAge%3DPreOwned%26a%3D1437%26b%3D1814&rct=j&q=&esrc=s&sa=U&ved=0ahUKEwjTsYGDlaeAAxU-jJUCHbRGC5YQguUECJwJ&usg=AOvVaw0yTC7AOOEUwhiOCbXnPr3X,gamenation.in,"₹2,699.00",4.7,47599.0,Free delivery,
BOX BOX BOX Formula 1 Unisex Hoodie - Redravenstore M / Black,https://redravenstore.in/products/box-box-box-unisex-hoodie%3Fvariant%3D42101189050589%26currency%3DINR%26utm_medium%3Dproduct_sync%26utm_source%3Dgoogle%26utm_content%3Dsag_organic%26utm_campaign%3Dsag_organic%26srsltid%3DASuE1wTGQdeD48A6brbiUbYHRvGjXP0d2F6YamN3m9o_2wVaPebcgP_MG0Y&rct=j&q=&esrc=s&sa=U&ved=0ahUKEwjTsYGDlaeAAxU-jJUCHbRGC5YQguUECKoJ&usg=AOvVaw1iihuyDRsiVpmweDrSB868,Red Raven Store,"₹1,099.00",,,₹49.00 delivery,
F1 | Max Verstappen Formula 1 HQ 2022 Ed. Framed Poster(Wall Art) Basic (8 x 12 ...,https://www.lamron.co/products/max-verstappen-formula-1-hq-2022-ed%3Fvariant%3D43492360454361%26currency%3DINR%26utm_medium%3Dproduct_sync%26utm_source%3Dgoogle%26utm_content%3Dsag_organic%26utm_campaign%3Dsag_organic%26srsltid%3DASuE1wS-B2JIgnATxdzf8JkiHki7JgDe17RyPamYad9Zz2BFhpDCS7w3l1A&rct=j&q=&esrc=s&sa=U&ved=0ahUKEwjTsYGDlaeAAxU-jJUCHbRGC5YQgOUECLYJ&usg=AOvVaw2fAwVtSXu8tCLgBkx808U1,Lamron,₹799.00,,,Free delivery,
Buy Formula 1 Cotton T-Shirts Online in India | Jersey Street M / Black,https://www.thejerseystreet.com/products/f1-t-shirt%3Fvariant%3D42502632636575%26currency%3DINR%26utm_medium%3Dproduct_sync%26utm_source%3Dgoogle%26utm_content%3Dsag_organic%26utm_campaign%3Dsag_organic%26srsltid%3DASuE1wT_TrEWIhHgtv7I8g9K1E8nJeKz7lIIkDMeSLXavXgZDCJA71-tIYY&rct=j&q=&esrc=s&sa=U&ved=0ahUKEwjTsYGDlaeAAxU-jJUCHbRGC5YQguUECMIJ&usg=AOvVaw2RWoCBIUyHNZChPGgnkpb9,Jersey Street,₹599.00,,,Free delivery,
Formula 1 Shine-It-All Total Auto Polish & Sealant (for all exterior auto ...,https://www.jiomart.com/p/homeimprovement/formula-1-shine-it-all-total-auto-polish-sealant-for-all-exterior-auto-surfaces-613776/595636140%3Fsource%3Dshoppingads&rct=j&q=&esrc=s&sa=U&ved=0ahUKEwjTsYGDlaeAAxU-jJUCHbRGC5YQgOUECM4J&usg=AOvVaw2e9MjSzEjnY_xXoAh--b79,JioMart,₹635.00,,,Free delivery,
F1 circuits Poster A1 ( 20 X 30 inches ) / SPARKLE ARTBOARD / Black,https://www.frameo.store/products/f1-circuits%3Fvariant%3D43163075051712%26currency%3DINR%26utm_medium%3Dproduct_sync%26utm_source%3Dgoogle%26utm_content%3Dsag_organic%26utm_campaign%3Dsag_organic%26srsltid%3DASuE1wQAbC4Fcb7zufB94ToFdDKtmD_6pOMpQVRxHtHHCT-O3v2k2ZJd2Kk&rct=j&q=&esrc=s&sa=U&ved=0ahUKEwjTsYGDlaeAAxU-jJUCHbRGC5YQgOUECNoJ&usg=AOvVaw0XLUfGurTWMT-5jj_EwuFS,Frameo store,"₹1,999.00",,,Free delivery by 2 Aug and free 10-day returns,
Sport Cars Formula F1 Building Blocks City Technical Series Super Speed Racing ...,https://ayeka.co.uk/products/qiye-technical-sport-cars-formula-f1-building-blocks-city-super-speed-racing-vehicle-moc-bricks-toys-for-kids-boyfriend-gifts%3Fvariant%3D42918935691521%26currency%3DGBP%26utm_medium%3Dproduct_sync%26utm_source%3Dgoogle%26utm_content%3Dsag_organic%26utm_campaign%3Dsag_organic%26srsltid%3DASuE1wSZ7rKjio5PKLr-dmkJzYZqOY5RLtgIhnHUhBaXBeGjqPlptXljmNY&rct=j&q=&esrc=s&sa=U&ved=0ahUKEwjTsYGDlaeAAxU-jJUCHbRGC5YQgOUECOYJ&usg=AOvVaw1W3MS66iwR9HdO2_lhSMA1,Ayeka,"₹11,973.85",,,Free delivery,
Formula 1 T-Shirt,https://sharkshirts.in/apparel/formula-1-t-shirt-6/%3Fattribute_pa_colour%3Dblack%26srsltid%3DASuE1wRKLJi6BqCqlvA0XlbZ_Kv4KkzINHBahpmzElC7PojCYHMMgW1WE9Q&rct=j&q=&esrc=s&sa=U&ved=0ahUKEwjTsYGDlaeAAxU-jJUCHbRGC5YQguUECPMJ&usg=AOvVaw25Cf-w_LCB-MHCFSRir5of,Shark Shirts,₹599.00,,,+Delivery,
F1 2022 (English),https://mx2games.com/product/f1-22-for-ps5/&rct=j&q=&esrc=s&sa=U&ved=0ahUKEwjTsYGDlaeAAxU-jJUCHbRGC5YQguUECIAK&usg=AOvVaw3uq6MoSQ4irNqbWx90ScPs,Mx2Games.com,"₹4,499.00",4.7,475330.0,Free delivery,
Printable - Digital Download (Set of 4)| F1: Formula One Poster | Racing Car ...,https://www.etsy.com/in-en/listing/1366094472/printable-digital-download-set-of-4-f1%3Fgpla%3D1%26gao%3D1%26&rct=j&q=&esrc=s&sa=U&ved=0ahUKEwjTsYGDlaeAAxU-jJUCHbRGC5YQgOUECI0K&usg=AOvVaw2xFkTTsyAYs2eXo99kjnhg,Etsy,₹500.00,,,Free delivery,
Formula One F1 Poster 1 Canvas Poster Bedroom Decor Sports Landscape Office Room ...,https://www.ubuy.co.in/product/4Q9T1JE60-formula-one-f1-poster-1-canvas-poster-bedroom-decor-sports-landscape-office-room-decor-gift-frame-20x30inch50x75cm%3Fsrsltid%3DASuE1wSxSyN4V5OOnvnHa2ctwCoGo1_hTBRRZWPnwGFpJ-ys6BlqmON1Swo&rct=j&q=&esrc=s&sa=U&ved=0ahUKEwjTsYGDlaeAAxU-jJUCHbRGC5YQgOUECJkK&usg=AOvVaw0KyZ1brcsVl_ehjUlDFjiM,Ubuy,"₹14,269.00",,,"₹1,760.00 delivery",
F1 22 PS5,https://gamebuy.in/product/f1-22-ps5/&rct=j&q=&esrc=s&sa=U&ved=0ahUKEwjTsYGDlaeAAxU-jJUCHbRGC5YQgOUECKYK&usg=AOvVaw1DDrmx0__pkz4qFq3N-kW8,gamebuy.in,"₹2,729.00",4.7,475330.0,+Delivery,
F1 Formula 1 Lapel T-Shirt 2022 Summer Team Polo Uniform Same Custom,https://www.dhgate.com/product/f1-formula-1-lapel-t-shirt-2022-summer-team/758506759.html%3Ff%3Dbm%257CGMC%257C%257Bifdyn:dyn%257D%257Bifpla:pla%257D%257Bifdbm:DBM%257D%257C%257Bcampaignid%257D%257C%257Badgroupid%257D%257C758506759%257C%257Btargetid%257D%257C112008001%257CUS%257Cwilliams1%257C%257Bdevice%257D%257C2%257C%26utm_source%3D%257Bifdyn:dyn%257D%257Bifpla:pla%257D%257Bifdbm:DBM%257D%26utm_medium%3DGMC%26utm_campaign%3Dwilliams1%26utm_term%3D758506759&rct=j&q=&esrc=s&sa=U&ved=0ahUKEwjTsYGDlaeAAxU-jJUCHbRGC5YQguUECLIK&usg=AOvVaw0f4xuF17tw_pflCoe8Gdoo,DHgate online store,₹583.11 + tax,,,Free delivery,
Formula 1 BOX BOX BOX Hoodie L / White / D1,https://slyke.in/products/formula-1-box-box-box-hoodie%3Fvariant%3D41800213561513%26currency%3DINR%26utm_medium%3Dproduct_sync%26utm_source%3Dgoogle%26utm_content%3Dsag_organic%26utm_campaign%3Dsag_organic%26srsltid%3DASuE1wTj_ibksAT7ytFEDN4I1jGjrRbpPJU-TbA_I_HcW2ofkumba2FF5dE&rct=j&q=&esrc=s&sa=U&ved=0ahUKEwjTsYGDlaeAAxU-jJUCHbRGC5YQguUECL8K&usg=AOvVaw2bmnw-GBg5U1xFBQmesqRZ,Slyke Growth,₹899.00,,,Free delivery,
F1 A History Of Formula One Racing,https://www.meripustak.com/F1-A-History-Of-Formula-One-Racing-350058%3Fsrsltid%3DASuE1wSXlfZUuU78_hGrZsTl0KGhxPlwfXHQjp8GU3CuiISFUWS_KebAPOI&rct=j&q=&esrc=s&sa=U&ved=0ahUKEwjTsYGDlaeAAxU-jJUCHbRGC5YQguUECMsK&usg=AOvVaw058B_nA0UAfxk4y9Iz1GFB,MeriPustak.com,₹896.00,,,Free delivery,
Formula 1 Nutritional Shake Mix,https://harbalife.org/shop/nutritional-food-products/formula-1-nutritional-shake-mix/%3Fattribute_pa_flavor%3Ddutch-chocolate&rct=j&q=&esrc=s&sa=U&ved=0ahUKEwjTsYGDlaeAAxU-jJUCHbRGC5YQgOUECNgK&usg=AOvVaw17OuHvgjDxcZeD87grgID3,Harbalife Nutrition,"₹1,410.00",,,₹110.00 delivery,
Formula 1(F1) Unisex Sweatshirt for Men/Women S(40 Inches) / Black,https://ektarfa.online/products/formula-1f1-unisex-sweatshirt-for-men-women-2%3Fvariant%3D42561497759963%26currency%3DINR%26utm_medium%3Dproduct_sync%26utm_source%3Dgoogle%26utm_content%3Dsag_organic%26utm_campaign%3Dsag_organic%26srsltid%3DASuE1wTcSGkewJtkMOcNonBiopNOkkkUzGuiXYf9dNw6dh7ur51j2pCC6GI&rct=j&q=&esrc=s&sa=U&ved=0ahUKEwjTsYGDlaeAAxU-jJUCHbRGC5YQguUECOQK&usg=AOvVaw3phGJ_xPBWPKLpiU72kjU8,Ektarfa.online,"₹1,099.00",,,Free delivery,
F1 | Pit Stop Formula 1 Wall Art Framed Poster(Wall Art) Basic (8 x 12 inches ...,https://www.lamron.co/products/pit-stop-formula-1-wall-art%3Fvariant%3D43492517642457%26currency%3DINR%26utm_medium%3Dproduct_sync%26utm_source%3Dgoogle%26utm_content%3Dsag_organic%26utm_campaign%3Dsag_organic%26srsltid%3DASuE1wSf7ioN-QEPYVZZIk0lcqfNLarIANYT89O2bH_O-w71gOfvcd17wuc&rct=j&q=&esrc=s&sa=U&ved=0ahUKEwjTsYGDlaeAAxU-jJUCHbRGC5YQgOUECPAK&usg=AOvVaw1LUp3ALLx0oayIEb_MVfYP,Lamron,₹549.00,,,Free delivery,
Formula 1 Professional Series Detail Express DX-40 Ultra Last Tyre and Trim ...,https://www.makemygaadi.com/product/formula-1-professional-series-detail-express-dx-40-ultra-last-tyre-and-trim-dressing-378-l&rct=j&q=&esrc=s&sa=U&ved=0ahUKEwjTsYGDlaeAAxU-jJUCHbRGC5YQgOUECPwK&usg=AOvVaw3rhDsCweDI0la7-WYQMaKP,Makemygaadi,"₹1,720.00",,,Free delivery,
Red Bull F1 2022 Hoodie,https://sharkshirts.in/apparel/red-bull-formula-1-2022-hoodie/%3Fattribute_pa_colour%3Dnavy-blue%26srsltid%3DASuE1wQVg38xrfLzxLQPr7kIBGp1I1tM2sJpN5nzUAepOjFt49G7kkk18PE&rct=j&q=&esrc=s&sa=U&ved=0ahUKEwjTsYGDlaeAAxU-jJUCHbRGC5YQguUECIgL&usg=AOvVaw38MAQwbzx0R1ycp4R1NPdI,Shark Shirts,"₹1,499.00",,,+Delivery,
Fashionable Formula 1 Cars With Mixed Colors In One Set For Kids Boys | Formula 1 ...,https://www.meesho.com/Fashionable%2520Formula%25201%2520Cars%2520With%2520Mixed%2520Colors%2520In%2520One%2520Set%2520For%2520Kids%2520Boys%2520%257C%2520Formula%25201%2520Car%2520%257C%2520Toys%2520For%2520School%2520Boys%2520%257C%2520F1%2520Racing%2520Car%2520%257C/p/51DHM0&rct=j&q=&esrc=s&sa=U&ved=0ahUKEwjTsYGDlaeAAxU-jJUCHbRGC5YQgOUECJQL&usg=AOvVaw3e9HNiNF5BmpRHVBGy7deZ,Meesho,₹365.00,,,Free delivery and free 7-day returns,
BOX BOX BOX Formula 1 Unisex Hoodie - Redravenstore XL / Black,https://redravenstore.in/products/lights-out-and-away-we-go-unisex-hoodie%3Fvariant%3D42307255369949%26currency%3DINR%26utm_medium%3Dproduct_sync%26utm_source%3Dgoogle%26utm_content%3Dsag_organic%26utm_campaign%3Dsag_organic%26srsltid%3DASuE1wQJrtLus_1cpgWo8sPFZ4mHPnyNZhFwJTS63F7ww_aGv-XjwVrIZDU&rct=j&q=&esrc=s&sa=U&ved=0ahUKEwjTsYGDlaeAAxU-jJUCHbRGC5YQguUECKAL&usg=AOvVaw0s1UM1yB8oBnT2vVTMugqD,Red Raven Store,"₹1,099.00",,,₹49.00 delivery,
F1 Flag | Sergio Perez Classic 2022 Ed. Flag Prime (38 x 57 inches),https://www.lamron.co/products/sergio-perez-classic-2022-ed-flag%3Fvariant%3D42907390509273%26currency%3DINR%26utm_medium%3Dproduct_sync%26utm_source%3Dgoogle%26utm_content%3Dsag_organic%26utm_campaign%3Dsag_organic%26srsltid%3DASuE1wRCNVZWzILyMVCm6R2BY88n2r3JY1-5Kkw1QzDHier6hw-KnKJsrhs&rct=j&q=&esrc=s&sa=U&ved=0ahUKEwjTsYGDlaeAAxU-jJUCHbRGC5YQgOUECKwL&usg=AOvVaw0NrF_tIHe89VMZnJiQOHGK,Lamron,"₹1,399.00",,,Free delivery,
Dot Badges Box Box Box Formula One F1 - for Casual Motorsport Branded Street wear ...,https://www.amazon.in/Dot-Badges-Box-Formula-One/dp/B09X1P753H%3Fsource%3Dps-sl-shoppingads-lpcontext%26ref_%3Dfplfs%26psc%3D1%26smid%3DA2AUL13C0HOEJ6&rct=j&q=&esrc=s&sa=U&ved=0ahUKEwjTsYGDlaeAAxU-jJUCHbRGC5YQguUECLgL&usg=AOvVaw3-FDz8HKk-YHi4Etpxyh6t,Amazon.in,₹649.00,,,Free delivery,
F1 22 PC Origin CD Key,https://www.cjs-cdkeys.com/products/F1-22-(EA-App).html%3FsetCurrencyId%3D1%26srsltid%3DASuE1wQpx3ciQjl983udB29mg4tn8R5DZuLUPwhOH2n2wDSL6Wt8zpirA84&rct=j&q=&esrc=s&sa=U&ved=0ahUKEwjTsYGDlaeAAxU-jJUCHbRGC5YQguUECMUL&usg=AOvVaw1m9ekBAvoHUx0rwhDHJusE,CJS CD Keys,"₹1,388.67",4.7,47599.0,Free delivery,
Buy Formula 1 Cotton T-Shirts Online in India | Jersey Street S / White,https://www.thejerseystreet.com/products/f1-t-shirt%3Fvariant%3D42502632603807%26currency%3DINR%26utm_medium%3Dproduct_sync%26utm_source%3Dgoogle%26utm_content%3Dsag_organic%26utm_campaign%3Dsag_organic%26srsltid%3DASuE1wRJTs16zjCNY3uH2A7X6owe2jxYjAOrZftWOHDxRQBRbROnHiBGTVc&rct=j&q=&esrc=s&sa=U&ved=0ahUKEwjTsYGDlaeAAxU-jJUCHbRGC5YQguUECNIL&usg=AOvVaw2UO_bQ-HqZR7ycHZSj8bTj,Jersey Street,₹599.00,,,Free delivery,
2 X Formula 1 (French Vanilla)-500 gm - BLUEE STORE,https://www.bluee.in/shop/herbalife-2-x-formula-1-french-vanilla-500-gm/%3Fsrsltid%3DASuE1wTE1ENWVAbmdsw42_ju9LW4aKdaj61dWoWFgO0L7dqqTUnx-J0pFXU&rct=j&q=&esrc=s&sa=U&ved=0ahUKEwjTsYGDlaeAAxU-jJUCHbRGC5YQgOUECN4L&usg=AOvVaw0c3owpJItqgjdh4A2RydPv,Bluee.in,₹299.00,,,Free delivery,
'Formula 1 Racer' Personalized Wall Art (Big Frame) A/1 / Natural,https://mykidswall.in/products/formula-1-racer-personalized-wall-art-big-frame%3Fvariant%3D43523018784917%26currency%3DINR%26utm_medium%3Dproduct_sync%26utm_source%3Dgoogle%26utm_content%3Dsag_organic%26utm_campaign%3Dsag_organic%26srsltid%3DASuE1wS1YyuvASEj6rb-c-ULMUpGDMVomebHHeVV9zC3E6trJB7Dl4Q_82o&rct=j&q=&esrc=s&sa=U&ved=0ahUKEwjTsYGDlaeAAxU-jJUCHbRGC5YQgOUECOoL&usg=AOvVaw3ONiDJJmBsDAcYtfGEqkrS,My Kid's Wall,"₹4,499.00",,,Free delivery,
Nabhya Formula 1 Mechanical Kit 10 Models-102 Pieces Toys For Juniorsage 5 To 12,http://www.flipkart.com/nabhya-formula-1-mechanical-kit-10-models-102-pieces-toys-juniors-age-5-12/p/itmfck2jfty9fgmg%3Fpid%3DBLCFCKYZTZ9MVHZT%26lid%3DLSTBLCFCKYZTZ9MVHZTWRZU05%26marketplace%3DFLIPKART%26cmpid%3Dcontent_block-construction_8965229628_gmc&rct=j&q=&esrc=s&sa=U&ved=0ahUKEwjTsYGDlaeAAxU-jJUCHbRGC5YQgOUECPYL&usg=AOvVaw1mVUILVmShCfItGdjCmTFa,Flipkart,₹476.00,,,Free delivery,
ridecoolequipment 2021F1 Formula One F1 Team Jackets F1 Shirt Verstappen F1 Team ...,https://www.dhgate.com/product/2021f1-formula-one-racing-jacket-f1-shirt/724912632.html%3Ff%3Dbm%257CGMC%257C%257Bifdyn:dyn%257D%257Bifpla:pla%257D%257Bifdbm:DBM%257D%257C%257Bcampaignid%257D%257C%257Badgroupid%257D%257C724912632%257C%257Btargetid%257D%257C112008001%257CUS%257Cridecoolequipment%257C%257Bdevice%257D%257C2%257C%26utm_source%3D%257Bifdyn:dyn%257D%257Bifpla:pla%257D%257Bifdbm:DBM%257D%26utm_medium%3DGMC%26utm_campaign%3Dridecoolequipment%26utm_term%3D724912632&rct=j&q=&esrc=s&sa=U&ved=0ahUKEwjTsYGDlaeAAxU-jJUCHbRGC5YQguUECIIM&usg=AOvVaw3SlsyuW3Tie2fQU6rWl5ns,DHgate online store,"₹2,807.45 + tax",,,Free delivery,
Formula 1 Classic Unisex Tshirt - Redravenstore Olive Green / S,https://redravenstore.in/products/f1-classic-unisex-t-shirt%3Fvariant%3D42509661503709%26currency%3DINR%26utm_medium%3Dproduct_sync%26utm_source%3Dgoogle%26utm_content%3Dsag_organic%26utm_campaign%3Dsag_organic%26srsltid%3DASuE1wSxUotwgn8NAKr7yALpOY1sfboN8NWdSRdfOGag2YflwIARqqz07Fk&rct=j&q=&esrc=s&sa=U&ved=0ahUKEwjTsYGDlaeAAxU-jJUCHbRGC5YQguUECI8M&usg=AOvVaw0hgJgwt8t3M6YG4gmjvSAQ,Red Raven Store,₹699.00,,,₹49.00 delivery,
Formula 1 F1 Centauria 1/24 Mercedes F1 W07 Hybrid Nico Rosberg 2016,https://www.muscara.com/catalog/Formula-1-F1-Centauria-1-24-Mercedes-F1-W07-Hybrid-Nico-Rosberg-2016&rct=j&q=&esrc=s&sa=U&ved=0ahUKEwjTsYGDlaeAAxU-jJUCHbRGC5YQgOUECJsM&usg=AOvVaw3hunf4HHerZcuyeFMkgKaU,Muscara.Com,"₹3,603.49 + tax",,,+Delivery,
Formula One - Motor Black adjustable Cap - F1 Logo Seasonal Black/White ...,https://hatstore.co.in/f1-logo-seasonal-black-white-adjustable-formula-one%3Futm_source%3Dgoogle%26utm_medium%3Dsurfaces%26srsltid%3DASuE1wRy2XIbKGJY8SsCe5CxQPSzm_TVwiiaRmpOg3werKzJe1pMTcpWeSQ&rct=j&q=&esrc=s&sa=U&ved=0ahUKEwjTsYGDlaeAAxU-jJUCHbRGC5YQguUECKkM&usg=AOvVaw3EITGptnVBpI2iv6eoe0CV,Hatstore.co.in,"₹2,400.00",5.0,5052.0,₹790.00 delivery,
2021 Topps Formula 1 Turbo Attax Cards – Mini Collector Tin (31 Cards + le Gold ...,https://buysoccercardsonline.com/products/2021-topps-formula-1-turbo-attax-cards-mini-collector-tin%3Fvariant%3D40054125625549%26srsltid%3DASuE1wQYSuj6LPJL1Tki9x0m12zw7vWJcBzOnhBJo2POL1hTkHVkdowAlhk&rct=j&q=&esrc=s&sa=U&ved=0ahUKEwjTsYGDlaeAAxU-jJUCHbRGC5YQgOUECLYM&usg=AOvVaw2LMs5PKELWHGZE2il6VMCe,SoccerCards.ca,"₹1,633.86 + tax",,,"₹1,633.86 delivery",
Formula One Circuits from Above 2022,https://www.bookswagon.com/book/formula-one-circuits-from-above/9781802792072%3Fsrsltid%3DASuE1wTWJ8cDJpuhSgy1UVbs7lXDFIhwj2fwj46atPyt6i5lW-vedhJVw5Q&rct=j&q=&esrc=s&sa=U&ved=0ahUKEwjTsYGDlaeAAxU-jJUCHbRGC5YQguUECMQM&usg=AOvVaw0S_2Kde29I1UdXp1UvRFBT,Bookswagon.com,"₹1,836.00",4.8,48517.0,Free delivery,
Formula 1(F1) Unisex Hoodie for Men/Women L(44 Inches) / Dark Green,https://ektarfa.online/products/formula-1f1-unisex-hoodie-for-men-women-1%3Fvariant%3D42561454145755%26currency%3DINR%26utm_medium%3Dproduct_sync%26utm_source%3Dgoogle%26utm_content%3Dsag_organic%26utm_campaign%3Dsag_organic%26srsltid%3DASuE1wSZPGcsnAEgxQS8_2OTtLvBOnc58R9LIHAW5f5LXYtn93cg71QbGpE&rct=j&q=&esrc=s&sa=U&ved=0ahUKEwjTsYGDlaeAAxU-jJUCHbRGC5YQguUECNEM&usg=AOvVaw05Mt1fUdntBJKhL0-Y9HOm,Ektarfa.online,"₹1,099.00",,,Free delivery,
Formula 1 (Age 8+) Make Different Types Of Cars,https://vijigishatoys.com/product/24686675/Formula-1--Age-8---Make-Different-Types-Of-Cars%3Futm_source%3DGMC&rct=j&q=&esrc=s&sa=U&ved=0ahUKEwjTsYGDlaeAAxU-jJUCHbRGC5YQgOUECN0M&usg=AOvVaw2hQyn6Ev6zmaKSXPNE4a2B,vijigisha toys,₹420.00,,,Free delivery,
Formula 1 BOX BOX BOX Hoodie XL / White / D3,https://slyke.in/products/formula-1-box-box-box-hoodie%3Fvariant%3D41800214020265%26currency%3DINR%26utm_medium%3Dproduct_sync%26utm_source%3Dgoogle%26utm_content%3Dsag_organic%26utm_campaign%3Dsag_organic%26srsltid%3DASuE1wTP51RQY6yxLI9l4-x6BYNNguDGVN7H3j5Yv3DTiayvGrAoim2ZO0g&rct=j&q=&esrc=s&sa=U&ved=0ahUKEwjTsYGDlaeAAxU-jJUCHbRGC5YQguUECOkM&usg=AOvVaw1rxz6SSNGw_nuG9oZMUd38,Slyke Growth,₹899.00,,,Free delivery,
F1 2022/23 Collection - Large Series Matte White / Etched onto each piece,https://worldracecircuits.com/products/f1-2022-collection-large-series%3Fvariant%3D39762015584390%26currency%3DGBP%26utm_medium%3Dproduct_sync%26utm_source%3Dgoogle%26utm_content%3Dsag_organic%26utm_campaign%3Dsag_organic%26srsltid%3DASuE1wQn2eg30ZmbtOyGFRXCEGrRzDilkEpad6VwddB-yJU-jlyibSUqQU0&rct=j&q=&esrc=s&sa=U&ved=0ahUKEwjTsYGDlaeAAxU-jJUCHbRGC5YQgOUECPkM&usg=AOvVaw1VYS0AzN57F10zXmzjCj6F,World Race Circuits,"₹13,130.38",,,+Delivery,15% OFF
2023 F1 Formula 1 Large Logo Tee (Black),https://www.uksoccershop.com/p-292719/2023-f1-formula-1-large-logo-tee-black.html%3Fcurrency%3DINR%26gcountry%3DIN%26ovId%3D3428&rct=j&q=&esrc=s&sa=U&ved=0ahUKEwjTsYGDlaeAAxU-jJUCHbRGC5YQguUECIcN&usg=AOvVaw1avxh1uICB46ndz1GUdYHK,Uksoccershop,"₹2,906.36",4.7,47523.0,"₹1,695.38 delivery",
Herbalife Formula 1 Nutritional shake mix (Pack of 2) (Chocolate),https://www.amazon.in/Herbalife-Formula-Nutritional-shake-Chocolate/dp/B07M82BSMF%3Fsource%3Dps-sl-shoppingads-lpcontext%26ref_%3Dfplfs%26psc%3D1%26smid%3DA24VWZKCPPL2CD&rct=j&q=&esrc=s&sa=U&ved=0ahUKEwjTsYGDlaeAAxU-jJUCHbRGC5YQgOUECJMN&usg=AOvVaw21WkuCoH9jzvZMZfh4hLEX,Amazon.in,"₹2,999.00",,,Free delivery,
Formula 1 High Performance New Car Protectant 295ml,https://www.jiomart.com/p/homeimprovement/formula-1-high-performance-new-car-protectant-295ml/595572305%3Fsource%3Dshoppingads&rct=j&q=&esrc=s&sa=U&ved=0ahUKEwjTsYGDlaeAAxU-jJUCHbRGC5YQgOUECJ8N&usg=AOvVaw24BwUMiEZTwBXO8Eu9D6Tl,JioMart,₹685.00,,,Free delivery,
Formula 1 car Sugarfree Chocolate,https://ghasitaramgifts.com/products/gg14formula1choco268sf%3Fvariant%3D40517979373762%26currency%3DINR%26utm_medium%3Dproduct_sync%26utm_source%3Dgoogle%26utm_content%3Dsag_organic%26utm_campaign%3Dsag_organic%26srsltid%3DASuE1wT-CI3cHDTxnf7yLDWc0dzg8P5vNQw6ATb0iayQcr-Oh8tIS6vHk0w&rct=j&q=&esrc=s&sa=U&ved=0ahUKEwjTsYGDlaeAAxU-jJUCHbRGC5YQgOUECKsN&usg=AOvVaw1QjTOyrRQDMzVYjZ666tqQ,Ghasitaram Gifts,₹608.00,,,Free delivery,
F1 23 PC,https://e2zstore.com/product/f1-23-pc/&rct=j&q=&esrc=s&sa=U&ved=0ahUKEwjTsYGDlaeAAxU-jJUCHbRGC5YQgOUECLcN&usg=AOvVaw2SmQ47qB7uBVd0Xc_-jQq7,e2zSTORE,"₹3,499.00",,,Free delivery,
Formula 1 Racing (PRT_2945) - Canvas Art Print - 21in X 29in,https://www.fizdi.com/formula-1-racing-prt_2945-canvas-art-print-21in-x-29in/%3Fsku%3DPRT_2945%26srsltid%3DASuE1wSY78mOaum7YiX2d9U4fIqsqSf0xpZOlp7eZZBO3NetD2If_MnDchg&rct=j&q=&esrc=s&sa=U&ved=0ahUKEwjTsYGDlaeAAxU-jJUCHbRGC5YQgOUECMMN&usg=AOvVaw34h73IT9UNhkmz521vrn-R,Fizdi.com,₹981.00,,,Free delivery,
F1 2023,https://gamesbaba.in/product/29825818/PS5-F1-23%3Futm_source%3DGMC&rct=j&q=&esrc=s&sa=U&ved=0ahUKEwjTsYGDlaeAAxU-jJUCHbRGC5YQguUECNIN&usg=AOvVaw2FfZgxS3-pW_Q_EdsdST-g,Gamesbaba,"₹4,099.00",4.3,43514.0,Free delivery,SALE
BOX BOX BOX Formula 1 Unisex T-shirt - Redravenstore Black / M,https://redravenstore.in/products/box-box-box-white-version-formula-1-unisex-t-shirt%3Fvariant%3D42101168537821%26currency%3DINR%26utm_medium%3Dproduct_sync%26utm_source%3Dgoogle%26utm_content%3Dsag_organic%26utm_campaign%3Dsag_organic%26srsltid%3DASuE1wQWsZyzKyHJupCu2rNPWc1jF7fDR_OkxYjRqCqIfRphXRWbbTw3F-Q&rct=j&q=&esrc=s&sa=U&ved=0ahUKEwjTsYGDlaeAAxU-jJUCHbRGC5YQguUECN4N&usg=AOvVaw1IuxHZyKnubqH9YawFV9us,Red Raven Store,₹699.00,,,₹49.00 delivery,
hottest_clothes Customizable F1 Racing Lapel Crewneck Polos for Formula 1 Fans ...,https://www.dhgate.com/product/f1-t-shirt-racing-lapel-polo-shirt-formula/866899579.html%3Ff%3Dbm%257CGMC%257C%257Bifdyn:dyn%257D%257Bifpla:pla%257D%257Bifdbm:DBM%257D%257C%257Bcampaignid%257D%257C%257Badgroupid%257D%257C866899579%257C%257Btargetid%257D%257C014030001001%257CUS%257Chottest_clothes%257C%257Bdevice%257D%257C2%257C%26utm_source%3D%257Bifdyn:dyn%257D%257Bifpla:pla%257D%257Bifdbm:DBM%257D%26utm_medium%3DGMC%26utm_campaign%3Dhottest_clothes%26utm_term%3D866899579&rct=j&q=&esrc=s&sa=U&ved=0ahUKEwjTsYGDlaeAAxU-jJUCHbRGC5YQguUECOoN&usg=AOvVaw2LHUq3JSJ9m-bL0dYR3Oos,DHgate online store,"₹1,221.09 + tax",,,Free delivery,
