title,link,source,price,rating,reviews,delivery,extensions
F1 2022 (Formula 1 2022) PC Steam (Global),https://www.steamgamingstore.com/product-page/f1-2022-formula-1-2022%3Fsrsltid%3DAfmBOooiPfwxZJA5ZIwcn9Hh8EALd-iIiaaDZZ9JDMuDnu1MBPbawdPlB0g&rct=j&q=&esrc=s&sa=U&ved=0ahUKEwj0xrnE1NGAAxVGpZUCHdNtBHIQgOUECIoJ&usg=AOvVaw3zJjU9IzEpxA-1tPxvfViA,SteamGamingStore,₹496.15 + tax,,,Free delivery,
F1 2022,https://www.amazon.in/Standard-PS5-Game-PlayStation-playstation_5/dp/B0B566Z25J%3Fsource%3Dps-sl-shoppingads-lpcontext%26ref_%3Dfplfs%26psc%3D1%26smid%3DA28ROUC57OBANU&rct=j&q=&esrc=s&sa=U&ved=0ahUKEwj0xrnE1NGAAxVGpZUCHdNtBHIQguUECJgJ&usg=AOvVaw1w62VSKdBD9SPuIh5Y1m8N,Amazon.in,"₹2,679.00",4.7,338,Free delivery,
F1 22 - Steam Key (Global),https://www.g2g.com/categories/F1-22-PC-Steam-gift-cards/buy/G1672798809631DO%3Fregion_id%3D0f76ac42-3267-4d77-9fba-f9d9d719dac9%26srsltid%3DAfmBOoohe715riyrAFT0uoA-l-7AEvm-9J7mABnXTK2wA5sRvF7OcbgwVHo&rct=j&q=&esrc=s&sa=U&ved=0ahUKEwj0xrnE1NGAAxVGpZUCHdNtBHIQgOUECKUJ&usg=AOvVaw1spJgyddOgz5BfC2VDo0WX,G2G,"₹4,79,567.33 + tax",,,Free delivery,
Formula 1: The Official History,http://www.flipkart.com/formula-1-official-history/p/itm8af3e4dc89cce%3Fpid%3D9781787394964%26lid%3DLSTBOK9781787394964DFP4Z0%26marketplace%3DFLIPKART%26cmpid%3Dcontent_book_8965229628_gmc&rct=j&q=&esrc=s&sa=U&ved=0ahUKEwj0xrnE1NGAAxVGpZUCHdNtBHIQguUECLMJ&usg=AOvVaw0NfQCPGZwtJqDqVyfmrH1Q,Flipkart,"₹2,099.00",5.0,3,Free delivery,
CodersParadise Pack of 60 F1 Formula One Racing Vinyl Stickers for Laptop ...,https://www.amazon.in/CodersParadise-F1-Formula-Stickers-Journal/dp/B0BRG2V58V%3Fsource%3Dps-sl-shoppingads-lpcontext%26ref_%3Dfplfs%26psc%3D1%26smid%3DA2JI6ON3DRZMLR&rct=j&q=&esrc=s&sa=U&ved=0ahUKEwj0xrnE1NGAAxVGpZUCHdNtBHIQgOUECMAJ&usg=AOvVaw0ByNOE_f-Mr2aK4DfzDHwt,Amazon.in,₹299.00,,,₹40.00 delivery,
Formula One 2022: The World's Bestselling Grand Prix Handbook,https://www.bookswagon.com/book/formula-one-2022-bruce-jones/9781787399112%3Fsrsltid%3DAfmBOorN37Wo106eUn41amy0dDOh9WL1tCk0zRo60WCQN6FEdh0Kq7Yxcac&rct=j&q=&esrc=s&sa=U&ved=0ahUKEwj0xrnE1NGAAxVGpZUCHdNtBHIQguUECM0J&usg=AOvVaw0z7BMn9U8KvDXsmbUIu2lY,Bookswagon.com,₹962.00,4.9,15,Free delivery,
F1 23 | Standard Edition | PlayStation 5,https://accessworld.in/products/f1-23-standard-edition-playstation-5%3Fvariant%3D42787693625521%26currency%3DINR%26utm_medium%3Dproduct_sync%26utm_source%3Dgoogle%26utm_content%3Dsag_organic%26utm_campaign%3Dsag_organic%26srsltid%3DAfmBOorMn17VukOKAy3jPxcrEHSCyGFLOw31q-A05JNjqY7TABGErbWMmMw&rct=j&q=&esrc=s&sa=U&ved=0ahUKEwj0xrnE1NGAAxVGpZUCHdNtBHIQguUECNoJ&usg=AOvVaw2FcivmZp0QqowxXqUKLycs,Access,"₹4,350.00",,,Free delivery,
F1 2022 (English),https://mx2games.com/product/f1-22-for-ps5/&rct=j&q=&esrc=s&sa=U&ved=0ahUKEwj0xrnE1NGAAxVGpZUCHdNtBHIQguUECOgJ&usg=AOvVaw3prkfpuuAVHhyeFce9o3rd,Mx2Games.com,"₹4,499.00",4.7,338,Free delivery,
PUMA Motorsport Unisex Black Mercedes F1 A3ROCAT Printed Sneakers (6) by Myntra,http://www.myntra.com/Casual-Shoes/PUMA-Motorsport/PUMA-Motorsport-Unisex-Black-Mercedes-F1-A3ROCAT-Printed-Sneakers/14825774/buy&rct=j&q=&esrc=s&sa=U&ved=0ahUKEwj0xrnE1NGAAxVGpZUCHdNtBHIQguUECPUJ&usg=AOvVaw2hcK4rkkqcZLPtrodzvDnH,Myntra,"₹4,899.00",,,Free delivery,
2022 Red Bull F1 RB18 #1 Max Verstappen (Scale 1:43) | Bburago,https://scaleartsin.com/products/2022-redbull-racing-rb18-1-max-verstappen-1-43-bburago-scale-model-car-collectible%3Fvariant%3D43816538570981%26currency%3DINR%26utm_medium%3Dproduct_sync%26utm_source%3Dgoogle%26utm_content%3Dsag_organic%26utm_campaign%3Dsag_organic%26srsltid%3DAfmBOoo9vRBWyUlrpLfV4iL74IF1oCA9WCYK7w8XmpKCNyT_6GGQIf8vb50&rct=j&q=&esrc=s&sa=U&ved=0ahUKEwj0xrnE1NGAAxVGpZUCHdNtBHIQguUECIMK&usg=AOvVaw2xaOCk6PBLMWaNNKGl0M44,Scale Arts In,"₹2,495.00",4.6,39,Free delivery,
Scuderia Ferrari F1-75 Poster A3 ( 12 X 18 inches ) / SPARKLE ARTBOARD,https://www.frameo.store/products/scuderia-ferrari-f1-75%3Fvariant%3D43058564530368%26currency%3DINR%26utm_medium%3Dproduct_sync%26utm_source%3Dgoogle%26utm_content%3Dsag_organic%26utm_campaign%3Dsag_organic%26srsltid%3DAfmBOor5uEkcS-kWLzxLYM1YsJWRsQ6lsmfSBUL2CAn7B52ZrzifYZQxcHc&rct=j&q=&esrc=s&sa=U&ved=0ahUKEwj0xrnE1NGAAxVGpZUCHdNtBHIQgOUECI8K&usg=AOvVaw2F4HSv-fpHhchOA82f_XJo,Frameo store,₹799.00,,,Free delivery by 22 Aug and free 10-day returns,
Bburago Mercedes F1 W13 E #44 Lewis Hamilton 2022 (1:43),https://model-universe.com/product/bburago-143-mercedes-amg-petronas-w13-f1-lewis-hamilton-44-2022/%3Fsrsltid%3DAfmBOoqOl34KfpzHBe_QeSbVIgujFpLLiGDKGs1AErq5fzD-HAcbtqhbzmw&rct=j&q=&esrc=s&sa=U&ved=0ahUKEwj0xrnE1NGAAxVGpZUCHdNtBHIQguUECJwK&usg=AOvVaw1RvXVdaKnAs2qohhNd_et4,Model Universe,"₹1,264.01",4.9,8,"₹1,580.28 delivery",
F1 23 | Standard Edition | PlayStation 4,https://www.amazon.in/F1-23-Standard-PlayStation-4/dp/B0C4T88Z7S%3Fsource%3Dps-sl-shoppingads-lpcontext%26ref_%3Dfplfs%26psc%3D1%26smid%3DA2GTG1HPYW8M2P&rct=j&q=&esrc=s&sa=U&ved=0ahUKEwj0xrnE1NGAAxVGpZUCHdNtBHIQguUECKkK&usg=AOvVaw38QeLRQPvK5zCtRkuJnQ_Z,Amazon.in,"₹4,245.00",,,Free delivery,
F1 Heroes by Giorgio Terruzzi & Ercole Colombo,https://luxury.tatacliq.com/f1-heroes-by-giorgio-terruzzi-ercole-colombo/p-mp000000016053809%3Fsrsltid%3DAfmBOooDtWdoxCPehnsBVqWCRNCMQ__d8TdKUSVRPazRvV3ZK1mQvxooq-w&rct=j&q=&esrc=s&sa=U&ved=0ahUKEwj0xrnE1NGAAxVGpZUCHdNtBHIQgOUECLUK&usg=AOvVaw2aVFuoiFvMP36HsRBTkkDh,TATA CLiQ LUXURY,"₹3,312.00",,,Free delivery,
F1 2023,https://www.mcubegames.in/product/f1-23-ps5%3Fsrsltid%3DAfmBOorfMkbLsGBFDewJ7wOh0xLQ00J92eBoSuUncyolq7wgLYg_UiWJ0fE&rct=j&q=&esrc=s&sa=U&ved=0ahUKEwj0xrnE1NGAAxVGpZUCHdNtBHIQguUECMIK&usg=AOvVaw0jkR-0pO9zWMM-LhBgAzYo,Mcube Games,"₹4,499.00",4.3,14,Free delivery,
Formula 1: The Official History: fully revised and updated,http://www.flipkart.com/formula-1-official-history/p/itm8af3e4dc89cce%3Fpid%3D9781802792225%26lid%3DLSTBOK9781802792225WVMXHB%26marketplace%3DFLIPKART%26cmpid%3Dcontent_book_8965229628_gmc&rct=j&q=&esrc=s&sa=U&ved=0ahUKEwj0xrnE1NGAAxVGpZUCHdNtBHIQguUECNAK&usg=AOvVaw0DLMNJKfqpR1dtQOqH3JGw,Flipkart,"₹2,199.00",4.8,6,Free delivery,
FANATEC CSL DD F1 ESPORTS PREMIUM BUNDLE,https://virtualracinghub.com/products/fanatec-csl-dd-f1-esports-premium-bundle%3Fvariant%3D43395112042738%26currency%3DINR%26utm_medium%3Dproduct_sync%26utm_source%3Dgoogle%26utm_content%3Dsag_organic%26utm_campaign%3Dsag_organic%26srsltid%3DAfmBOopZEF9t8SZ8qK6HA6u-lJZQzkLbqpcB7_IH4UaRo4uGYui6TeWEBIg&rct=j&q=&esrc=s&sa=U&ved=0ahUKEwj0xrnE1NGAAxVGpZUCHdNtBHIQgOUECN0K&usg=AOvVaw12HM54HNiM0Z8rxCZ0zJlA,virtualracinghub-13ba,"₹2,00,000.00",,,"₹1,500.00 delivery",
F1 A History Of Formula One Racing,https://www.meripustak.com/F1-A-History-Of-Formula-One-Racing-350058%3Fsrsltid%3DAfmBOootOtDk_h4DS2lwW3Tp424vSkwQEYt1bEjKm6qBURCdinXPsR8a4es&rct=j&q=&esrc=s&sa=U&ved=0ahUKEwj0xrnE1NGAAxVGpZUCHdNtBHIQguUECOoK&usg=AOvVaw2VgERVeBgqjShCoqAN3cwJ,MeriPustak.com,₹896.00,5.0,1,Free delivery,
F1 2022/23 Collection - Mini Series Matte White / Etched onto each piece,https://worldracecircuits.com/products/f1-2022-collection-acrylic%3Fvariant%3D39761450893446%26currency%3DGBP%26utm_medium%3Dproduct_sync%26utm_source%3Dgoogle%26utm_content%3Dsag_organic%26utm_campaign%3Dsag_organic%26srsltid%3DAfmBOoq134g4PUjknfZOUiTQ0W4OiS11eRKpkX4egtccsAx5H94gXrX5R4Q&rct=j&q=&esrc=s&sa=U&ved=0ahUKEwj0xrnE1NGAAxVGpZUCHdNtBHIQgOUECPcK&usg=AOvVaw0drHpguPP5TxLGfeExDLP2,World Race Circuits,"₹4,743.98",,,+Delivery,
2022 Ferrari F1-75 POSTER A1 ( 20 X 30 inches ) / GLOSSY POSTER,https://www.frameo.store/products/ferrari-f1-76%3Fvariant%3D43028488388800%26currency%3DINR%26utm_medium%3Dproduct_sync%26utm_source%3Dgoogle%26utm_content%3Dsag_organic%26utm_campaign%3Dsag_organic%26srsltid%3DAfmBOopfPmocxMU7zDn5Ti2gawgPP6dR_fNM6HlSeLLqnO_GrLpgruKuaIs&rct=j&q=&esrc=s&sa=U&ved=0ahUKEwj0xrnE1NGAAxVGpZUCHdNtBHIQgOUECIQL&usg=AOvVaw1bo0yzaB32pht_kMbR5GXU,Frameo store,₹799.00,,,Free delivery by 22 Aug and free 10-day returns,
Der F1,https://enquirebio.com/proteins/qp11656-other-der-f1&rct=j&q=&esrc=s&sa=U&ved=0ahUKEwj0xrnE1NGAAxVGpZUCHdNtBHIQgOUECJAL&usg=AOvVaw3-yyjgHUPTRnE2jNL0Ff6G,enQuire Bio,"₹12,424.35 + tax",,,"₹7,040.47 delivery",
"F1 RACE - EXTREME PRE WORKOUT, 30 SERVING",https://musclescience.in/product/f1-race-extreme-pre-workout-30-serving/&rct=j&q=&esrc=s&sa=U&ved=0ahUKEwj0xrnE1NGAAxVGpZUCHdNtBHIQgOUECJ0L&usg=AOvVaw1kuUHPavz5B3qAIJhQnvFz,Muscle Science,₹999.00,,,Free delivery,
F1 23 Champions Edition - Sony PlayStation 5 & PlayStation 4,https://store.playstation.com/en-in/product/EP0006-PPSA09802_00-F123DELUXEDITION/&rct=j&q=&esrc=s&sa=U&ved=0ahUKEwj0xrnE1NGAAxVGpZUCHdNtBHIQgOUECKkL&usg=AOvVaw0rRyXFKGmgjSJNLH62S7fj,PlayStation Store,"₹5,999.00",,,Free delivery,
Men's PUMA Mercedes F1 Statement Graphic T-shirt in Black size L,http://www.totalsf.in/products/puma-mercedes-f1-statement-graphic-men-s-t-shirt-12163091&rct=j&q=&esrc=s&sa=U&ved=0ahUKEwj0xrnE1NGAAxVGpZUCHdNtBHIQguUECLUL&usg=AOvVaw0J-wLU40ulO_dTyD4RB_DN,Total Sport & Fitness,"₹1,500.00",,,+Delivery,
F1 Racing Car 3,https://www.walldecore.in/f1-racing-car-3&rct=j&q=&esrc=s&sa=U&ved=0ahUKEwj0xrnE1NGAAxVGpZUCHdNtBHIQgOUECMIL&usg=AOvVaw0gP59qp_5F8NddUbPvAnBa,wall decore,₹650.00,,,Free delivery,
Men's PUMA Mercedes AMG Petronas F1 All Over Print Regular Fit T-Shirt in Black ...,https://in.puma.com/in/en/pd/mercedes-amg-petronas-f1-all-over-print-mens-regular-fit-t-shirt/538480%3Fsize%3D0120%26swatch%3D01&rct=j&q=&esrc=s&sa=U&ved=0ahUKEwj0xrnE1NGAAxVGpZUCHdNtBHIQgOUECNAL&usg=AOvVaw0WVILVGXvlIHVI8rtUqfhb,PUMA India,"₹2,279.00",,,Free delivery,SALE
Puma Mercedes AMG Patronas F1 Motorsports A3ROCAT Unisex Black Casual Shoes ...,https://www.nykaaman.com/puma-mapf1-a3rocat-unisex-black-casual-shoes/p/2808574%3Fptype%3Dproduct%26skuId%3D2807771&rct=j&q=&esrc=s&sa=U&ved=0ahUKEwj0xrnE1NGAAxVGpZUCHdNtBHIQguUECNwL&usg=AOvVaw0bdzzRPRY42YmE5jwM2ULV,Nykaaman.com,"₹5,499.00",,,Free delivery,
F1 23 PC,https://e2zstore.com/product/f1-23-pc/&rct=j&q=&esrc=s&sa=U&ved=0ahUKEwj0xrnE1NGAAxVGpZUCHdNtBHIQgOUECOgL&usg=AOvVaw0wgf05SGV6er0LBVoAGz1d,e2zSTORE,"₹3,499.00",,,Free delivery,
F1 | Carlos Sainz HQ 2022 Ed. Framed Poster(Wall Art) Basic (8 x 12 inches ...,https://www.lamron.co/products/carlos-sainz-hq-2022-ed%3Fvariant%3D43492004462809%26currency%3DINR%26utm_medium%3Dproduct_sync%26utm_source%3Dgoogle%26utm_content%3Dsag_organic%26utm_campaign%3Dsag_organic%26srsltid%3DAfmBOoqvqEVo84VrPpj9yzDWXw2cox6092Yd6OhpDPH7KSuceNaTeQYGhNg&rct=j&q=&esrc=s&sa=U&ved=0ahUKEwj0xrnE1NGAAxVGpZUCHdNtBHIQgOUECPQL&usg=AOvVaw3TbruN4hnhTlARcBoxIkiv,Lamron,₹399.00,,,Free delivery,
Bburago 1:43 2020 Ferrari Racing SF1000 Formula One F1 5 Sebastian Vettel Sport ...,https://www.amazon.in/Model-Car-Sport-Ferrari-Sebastian/dp/B08W4LTYGB%3Fsource%3Dps-sl-shoppingads-lpcontext%26ref_%3Dfplfs%26psc%3D1%26smid%3DA1BE4CFIAAE12Y&rct=j&q=&esrc=s&sa=U&ved=0ahUKEwj0xrnE1NGAAxVGpZUCHdNtBHIQguUECIEM&usg=AOvVaw2H1xFjYxTW_k4TpvFOXSWg,Amazon.in,"₹2,708.00",5.0,39,Free delivery,
2023 F1 Formula 1 Large Logo Baseball Cap (Black),https://hatstore.co.in/large-logo-baseball-cap-black-red-adjustable-formula-one%3Futm_source%3Dgoogle%26utm_medium%3Dsurfaces%26srsltid%3DAfmBOor2tqD2LCaPyPjehiLknH1f--vJjSE4s_TgWgrU-jcCMu6jxOROyXY&rct=j&q=&esrc=s&sa=U&ved=0ahUKEwj0xrnE1NGAAxVGpZUCHdNtBHIQguUECI4M&usg=AOvVaw0fm509XK6_Dp7lAQVj1orz,Hatstore.co.in,"₹2,500.00",5.0,5,₹790.00 delivery,
F1 - On The Go!,https://printmyposter.in/products/f1-on-the-go%3Fvariant%3D44590228111653%26currency%3DINR%26utm_medium%3Dproduct_sync%26utm_source%3Dgoogle%26utm_content%3Dsag_organic%26utm_campaign%3Dsag_organic%26srsltid%3DAfmBOooGRKHonUNze_iZTuwMq1hN3WJl_yh4BYRm9fNpooCvawKqYvoJTmg&rct=j&q=&esrc=s&sa=U&ved=0ahUKEwj0xrnE1NGAAxVGpZUCHdNtBHIQgOUECJsM&usg=AOvVaw0QJ2IYH0pY7ST9xwRM0Sle,PrintMyPoster,₹199.00,,,₹70.00 delivery,
Puma Mercedes AMG Petronas Motorsports F1 A3ROCAT Mens Black Sneakers (Black) At ...,http://www.myntra.com/Casual-Shoes/PUMA-Motorsport/PUMA-Motorsport-Unisex-Black-Mercedes-AMG-Petronas-F1-A3ROCAT-Sneakers/19103904/buy&rct=j&q=&esrc=s&sa=U&ved=0ahUKEwj0xrnE1NGAAxVGpZUCHdNtBHIQguUECKgM&usg=AOvVaw2H-BJBxKZT9wR6uVmieZWp,Myntra,"₹4,949.00",5.0,1,Free delivery,
F1 Racing Car,https://www.toysrus.in/catalogredirect%3Fq%3DWEC-2020-049%26srsltid%3DAfmBOop-2f2zZIt7Ib8mDB29cCC6mhDqM2V7E1V3_JLKZqSu3LVM7GSvhuc&rct=j&q=&esrc=s&sa=U&ved=0ahUKEwj0xrnE1NGAAxVGpZUCHdNtBHIQguUECLgM&usg=AOvVaw33d44Ir97L6WIILDGrcxjy,ToysRus,"₹1,139.00",,,Free delivery by 16 Aug and free 30-day returns,"₹1,000 OFF"
MaistoTech 582356 Red Bull F1 2023 1:24 RC Einsteiger Modellauto,https://www.conrad.com/p/-2895694%3FWT.srch%3D1%26vat%3Dtrue%26utm_source%3Dgoogle%26utm_medium%3Dorganic%26utm_campaign%3Dshopping%26srsltid%3DAfmBOorNzQ7gDvOL-M6M4cMG5ege-pGdpeHwiW16vAE_yD3N8HUdfRD4VfU&rct=j&q=&esrc=s&sa=U&ved=0ahUKEwj0xrnE1NGAAxVGpZUCHdNtBHIQguUECMUM&usg=AOvVaw0hx52zmKP8GKGvoInXsVB8,Conrad Electronic International,"₹4,004.51",,,"₹5,461.95 delivery",
F1 circuits Poster A2 ( 16 X 24 inches ) / GLASS FRAME / Black,https://www.frameo.store/products/f1-circuits%3Fvariant%3D43163074724032%26currency%3DINR%26utm_medium%3Dproduct_sync%26utm_source%3Dgoogle%26utm_content%3Dsag_organic%26utm_campaign%3Dsag_organic%26srsltid%3DAfmBOoqbWm9rrL4yJbGAFNLGrpg_XCOLgLHrgMJoV-pfAjP_H7KBZcacHnA&rct=j&q=&esrc=s&sa=U&ved=0ahUKEwj0xrnE1NGAAxVGpZUCHdNtBHIQgOUECNIM&usg=AOvVaw1lRpp3W8CvAkJAtZoee4jo,Frameo store,"₹1,499.00",,,Free delivery by 22 Aug and free 10-day returns,
PUMA Motorsport Unisex Black Mercedes F1 Cat Sneakers (6) by Myntra,https://www.nykaa.com/puma-mercedes-amg-petronas-f1-ridge-cat-black-sneakers/p/8049706%3Fptype%3Dproduct%26skuId%3D8049302%26srsltid%3DAfmBOoo3cuwjkZOwh73I3Hl1iXqusX42SSrtiXj9e9Lk93MpWYTeG7Eg5Lk&rct=j&q=&esrc=s&sa=U&ved=0ahUKEwj0xrnE1NGAAxVGpZUCHdNtBHIQguUECN4M&usg=AOvVaw2jdg7n_7Fu1dT8KwKNbaug,Nykaa.com,"₹4,399.00",,,Free delivery by 15 Aug and free 15-day returns,
PUMA Motorsport Unisex Black Mercedes AMG Petronas F1 A3ROCAT Sneakers (9) by Myntra,http://www.myntra.com/Casual-Shoes/PUMA-Motorsport/PUMA-Motorsport-Unisex-Black-Mercedes-AMG-Petronas-F1-A3ROCAT-Sneakers/19103904/buy&rct=j&q=&esrc=s&sa=U&ved=0ahUKEwj0xrnE1NGAAxVGpZUCHdNtBHIQguUECOsM&usg=AOvVaw0-OeRD3udk7Pi8gjOE6asf,Myntra,"₹4,949.00",,,Free delivery,
F1速報 Japan 2016Rd14イタリアGP号 (Digital),https://www.discountmags.com/au/magazine/f1su-bao-japan-september-7-2016-digital%3Foffer%3Dgshopau%26utm_source%3Dgoogle%26utm_medium%3Dcpc%26utm_term%3D44213a6dbf7b%26srsltid%3DAfmBOop3YaiJbnu_2AW46zQq0wzkL-humlqsFyBpQWDm409dUrbIJxBW2mM&rct=j&q=&esrc=s&sa=U&ved=0ahUKEwj0xrnE1NGAAxVGpZUCHdNtBHIQgOUECPcM&usg=AOvVaw3NM2e5-Tenmfxw1B18gu8X,DiscountMags.com,₹516.02 + tax,,,Free delivery,
F1,https://www.amazon.in/F1/dp/1784402621%3Fsource%3Dps-sl-shoppingads-lpcontext%26ref_%3Dfplfs%26psc%3D1%26smid%3DA3MJL1NGM0DVRO&rct=j&q=&esrc=s&sa=U&ved=0ahUKEwj0xrnE1NGAAxVGpZUCHdNtBHIQguUECIUN&usg=AOvVaw1ZlqjdCEll-Br5qNPb4Cvt,Amazon.in,₹830.00,5.0,2,Free delivery,
Bburago - 1:18 Ferrari F1-75 Charles Leclerc #16 2022,https://model-universe.com/product/118-f1-2022-ferrari-f1-75-leclerc-with-helmet/%3Fsrsltid%3DAfmBOooovfO-GhL9LMUrrDw3YEdr3j-dE4w3RT19rjV-i60AtRN1INoG3Zs&rct=j&q=&esrc=s&sa=U&ved=0ahUKEwj0xrnE1NGAAxVGpZUCHdNtBHIQguUECJQN&usg=AOvVaw3y4u-VhFQoLVj0NVaClx79,Model Universe,"₹7,378.47",4.9,34,"₹1,580.28 delivery",SALE
F1 Formula 1 | EugeniaMurphy,https://www.inspireuplift.com/F1-Formula-1/iu/2241793%3Fvariant%3D82972159%26srsltid%3DAfmBOopRTg20TZh30iRJL-CcAvE3_jY0OEWp8MOsmkdTlriRY22YhZdK5XY&rct=j&q=&esrc=s&sa=U&ved=0ahUKEwj0xrnE1NGAAxVGpZUCHdNtBHIQgOUECKEN&usg=AOvVaw08QVzhTkkQyctOeEgmnbxC,Inspire Uplift,₹372.73 + tax,,,Free delivery by 30 Aug and free 30-day returns,
F1 23 PS4,https://heepio.com/product/f1-23-ps4/&rct=j&q=&esrc=s&sa=U&ved=0ahUKEwj0xrnE1NGAAxVGpZUCHdNtBHIQguUECK8N&usg=AOvVaw2vvkVUK1OvLPbi__jvDNIZ,Heepio,"₹4,487.00",4.6,40,+Delivery,
Formula1 (F1) T-Shirt for Men XL(44 Inches) / Black,https://ektarfa.online/products/formula1-f1-t-shirt-for-men%3Fvariant%3D43636991983835%26currency%3DINR%26utm_medium%3Dproduct_sync%26utm_source%3Dgoogle%26utm_content%3Dsag_organic%26utm_campaign%3Dsag_organic%26srsltid%3DAfmBOoqRZDBy3iYqKKbF8Yi5CuU9The6IsXc99qVRuXfzxnxayJ2WOkdn2g&rct=j&q=&esrc=s&sa=U&ved=0ahUKEwj0xrnE1NGAAxVGpZUCHdNtBHIQguUECLwN&usg=AOvVaw06lPmlbMsj7vPQmzK_YsQE,Ektarfa.online,₹599.00,,,Free delivery,
Race Track - F1 Edition,https://thunikadai.in/product/race-track-f1-edition/%3Fattribute_size%3DM&rct=j&q=&esrc=s&sa=U&ved=0ahUKEwj0xrnE1NGAAxVGpZUCHdNtBHIQgOUECMgN&usg=AOvVaw1DEkOOtEZU6Y3f11t_eP_N,Thunikadai,₹899.00,,,Free delivery,
F1 | Fernando Alonso F1 Framed Poster(Wall Art) Basic (8 x 12 inches) / Glass ...,https://www.lamron.co/products/fernando-alonso-f1%3Fvariant%3D43492164501721%26currency%3DINR%26utm_medium%3Dproduct_sync%26utm_source%3Dgoogle%26utm_content%3Dsag_organic%26utm_campaign%3Dsag_organic%26srsltid%3DAfmBOoonZ5hJ74LWIEhkQlM5g-of9B1g1ReP77X0MHfRdYW6QJuqKMU12kY&rct=j&q=&esrc=s&sa=U&ved=0ahUKEwj0xrnE1NGAAxVGpZUCHdNtBHIQgOUECNQN&usg=AOvVaw359YL_QDFEqtjl5jvydrD0,Lamron,₹549.00,,,Free delivery,
Puma Mercedes AMG Petronas Motorsports F1 Hooded Unisex Kids Black Jacket At ...,https://www.nykaafashion.com/puma-mapf1-hooded-unisex-kids-black-jacket/p/6820673%3Fadsource%3Dshopping_india%26skuId%3D6820673&rct=j&q=&esrc=s&sa=U&ved=0ahUKEwj0xrnE1NGAAxVGpZUCHdNtBHIQguUECOEN&usg=AOvVaw3MFY7XBGEXRbanYjXpzgO_,Nykaa Fashion,"₹3,849.00",1.0,1,Free delivery,
Box Box Box F1 Oversized T-SHIRT | Shop F1 Tshirts India Small / Black,https://www.frameo.store/products/box-box-box-f1-oversized-t-shirt%3Fvariant%3D43608386568384%26currency%3DINR%26utm_medium%3Dproduct_sync%26utm_source%3Dgoogle%26utm_content%3Dsag_organic%26utm_campaign%3Dsag_organic%26srsltid%3DAfmBOopi1_UI6TTKpe2AlXAnHZ_bwN0VhCGvRTcmoxdLqLIGSLEub_yJNKo&rct=j&q=&esrc=s&sa=U&ved=0ahUKEwj0xrnE1NGAAxVGpZUCHdNtBHIQguUECO4N&usg=AOvVaw2dY9bels4PRWREzvp9f_8Z,Frameo store,₹699.00,,,Free delivery by 22 Aug and free 10-day returns,
Wembley High-speed Remote Control Car And Smoke Spray Light 2wd Off Road F1 ...,http://www.flipkart.com/wembley-high-speed-remote-control-car-smoke-spray-light-2wd-off-road-f1-racing/p/itm4ae6ec5a521f7%3Fpid%3DRCTGQRFEJVTFTHWP%26lid%3DLSTRCTGQRFEJVTFTHWPWNPO1O%26marketplace%3DFLIPKART%26cmpid%3Dcontent_remote-control-toy_8965229628_gmc&rct=j&q=&esrc=s&sa=U&ved=0ahUKEwj0xrnE1NGAAxVGpZUCHdNtBHIQguUECPoN&usg=AOvVaw1XX9rLMvggR6Ym0iQLHHNx,Flipkart,"₹2,699.00",,,+Delivery,
F1 2021 (PS5),https://www.cjs-cdkeys.com/products/F1-2021-PSN-Download-Key-(Playstation-5).html%3FsetCurrencyId%3D1%26srsltid%3DAfmBOop7uI3paVi9RjzHi4ZEQhkYRSU6xgLwBFrOhI_fuFiz6XPD0sZixtg&rct=j&q=&esrc=s&sa=U&ved=0ahUKEwj0xrnE1NGAAxVGpZUCHdNtBHIQguUECIgO&usg=AOvVaw2f5EBSUo-QvLrGpbgCB_Ac,CJS CD Keys,"₹11,438.27",4.7,727,Free delivery,
truke Buds F1 Bluetooth 5.3 Truly Wireless in Ear Earbuds with mic (Black),https://www.jiomart.com/p/electronics/truke-f1-bluetooth-wireless-earbuds-with-mic-black/596333208%3Fsource%3Dshoppingads&rct=j&q=&esrc=s&sa=U&ved=0ahUKEwj0xrnE1NGAAxVGpZUCHdNtBHIQguUECJUO&usg=AOvVaw0T-C9ThEZAClzVtxJXhWlQ,JioMart,₹699.00,,,Free delivery,
Magicwand 1:10 Scale 16 Kmph R/C Rechargeable Formula 1 WinRiders Drift Car with ...,https://www.amazon.in/Magicwand-Scale-Rechargeable-Formula-Silver/dp/B084JPJH9C%3Fsource%3Dps-sl-shoppingads-lpcontext%26ref_%3Dfplfs%26psc%3D1%26smid%3DAGALHBUXDUXXH&rct=j&q=&esrc=s&sa=U&ved=0ahUKEwj0xrnE1NGAAxVGpZUCHdNtBHIQgOUECKIO&usg=AOvVaw3WYEiUzLot1LD-s6C5Kim7,Amazon.in,"₹2,849.00",,,Free delivery,
Charles Leclerc Signed 1:18 Diecast Car Beckett BAS Formula 1 F1 Ferrari,https://www.memorabiliaforless.com/product/charles-leclerc-signed-118-diecast-car-beckett-bas-formula-1-f1-ferrari/%3Futm_source%3DGoogle%2520Shopping%26utm_campaign%3DGoogle%2520Shopping%2520feed%26utm_medium%3Dcpc%26utm_term%3D25069&rct=j&q=&esrc=s&sa=U&ved=0ahUKEwj0xrnE1NGAAxVGpZUCHdNtBHIQgOUECK4O&usg=AOvVaw1S3ZNTnRLBtfV47fIWcxZV,Memorabilia For Less,"₹57,976.14 + tax",,,"₹2,484.87 delivery",
Supreme F1 Pullover Jacket Hot Pink,https://stockx.com/supreme-f1-pullover-jacket-hot-pink%3Fcountry%3DDE%26currencyCode%3DEUR%26size%3DM%26srsltid%3DAfmBOoraReOju3_9jvIm7CiUJRLGML2UM2uHJdOz85-2vbB3LOsTzbNXoPk&rct=j&q=&esrc=s&sa=U&ved=0ahUKEwj0xrnE1NGAAxVGpZUCHdNtBHIQguUECLsO&usg=AOvVaw0Q9JhSZTpSwA_3cJYeD5u8,StockX,"₹2,23,393.40",,,"₹4,096.46 delivery",
F1 Racing Car DIY (143-Piece),https://snooplay.in/products/sibit-supercar-building-blocks-toys-speed-champions-racing-car-kit-collectible-sport-cars-model-ideal-gifts-143-pcs-1%3Fcurrency%3DINR%26variant%3D40538516619325%26utm_medium%3Dcpc%26utm_source%3Dgoogle%26utm_campaign%3DGoogle%2520Shopping&rct=j&q=&esrc=s&sa=U&ved=0ahUKEwj0xrnE1NGAAxVGpZUCHdNtBHIQgOUECMgO&usg=AOvVaw2yM57ZWckym3izsWlZ9_2g,Snooplay,"₹1,199.00",,,Free delivery,
"Poco F1 (Steel Blue, 6GB RAM, 128GB Storage)",https://www.xtracover.com/poco/poco-f1-steel-blue-128-gb-6-gb-ram-/refurbishedsuperb%3Fsrsltid%3DAfmBOor6ncUimnbTP4bWnM8BtGyjaw4VUyj8zrLbFBXZfjmIXAbmBgeoJmo&rct=j&q=&esrc=s&sa=U&ved=0ahUKEwj0xrnE1NGAAxVGpZUCHdNtBHIQguUECNUO&usg=AOvVaw3daegdGcEbtRGHXmpS9EOO,Xtracover,"₹8,999.00",4.7,"3,956",Free delivery,
FERRARI AF1 UK 9.5,https://crepdogcrew.com/products/ferrari-af1%3Fvariant%3D44978364612854%26currency%3DINR%26utm_medium%3Dproduct_sync%26utm_source%3Dgoogle%26utm_content%3Dsag_organic%26utm_campaign%3Dsag_organic%26srsltid%3DAfmBOopNxU9HKbx3htUQI_BOpl4vnJUb5IxXV0cHOPY2oBoXDMk8att3dUs&rct=j&q=&esrc=s&sa=U&ved=0ahUKEwj0xrnE1NGAAxVGpZUCHdNtBHIQguUECOMO&usg=AOvVaw1bCHCZV8OQ0KUYcv4tvWlL,Crepdog Crew,"₹26,000.00",,,Free delivery,
F1速報 Japan 2016Rd18アメリカGP号 (Digital),https://www.discountmags.com/au/magazine/f1su-bao-japan-october-26-2016-digital%3Foffer%3Dgshopau%26utm_source%3Dgoogle%26utm_medium%3Dcpc%26utm_term%3D96dba4a0244e%26srsltid%3DAfmBOorGnqnaaFh24em_cAu2KSxrBCoFUzkYsL3bu_glttY8eUhLEIHHdMs&rct=j&q=&esrc=s&sa=U&ved=0ahUKEwj0xrnE1NGAAxVGpZUCHdNtBHIQgOUECO8O&usg=AOvVaw1FkuTvtzwNee8ECKd7Si7E,DiscountMags.com,₹516.02 + tax,,,Free delivery,
PUMA Mercedes AMG Petronas F1 Tiburion Unisex Sneakers in Black/Gray/Green size 9,https://in.puma.com/in/en/pd/mercedes-amg-petronas-f1-tiburion-unisex-sneakers/307198%3Fsize%3D0260%26swatch%3D04&rct=j&q=&esrc=s&sa=U&ved=0ahUKEwj0xrnE1NGAAxVGpZUCHdNtBHIQguUECPwO&usg=AOvVaw2fRLdVBClALAeuvwhzNdkH,PUMA India,"₹4,399.00",,,Free delivery,
F1 Manager 2023,https://www.tulpaar.com/steam/f1-manager-2023&rct=j&q=&esrc=s&sa=U&ved=0ahUKEwj0xrnE1NGAAxVGpZUCHdNtBHIQguUECIkP&usg=AOvVaw1ZXtcHavMi1mbakl6McI_k,Tulpaar.com,"₹3,944.32 + tax",,,Free delivery,
